id,list_id,title,exp_date,exp_time
1,1,risus praesent lectus,,
2,2,velit nec nisi vulputate nonummy,3/2/2017,1:42
3,3,tristique fusce congue diam id,8/28/2016,9:53
4,4,sem,,
5,5,nulla quisque arcu libero,7/7/2016,11:08
6,6,felis,,
7,7,vulputate elementum nullam,5/15/2016,16:55
8,8,posuere cubilia curae,,
9,9,neque,,
10,10,luctus,1/28/2017,14:20
11,1,augue,8/1/2016,9:01
12,2,massa id nisl venenatis lacinia,,
13,3,pede morbi porttitor,11/25/2016,5:17
14,4,magna vestibulum,,
15,5,natoque penatibus,,
16,6,augue aliquam erat volutpat in,,
17,7,potenti in eleifend quam,3/2/2017,19:19
18,8,blandit,,
19,9,consequat,7/27/2016,17:15
20,10,maecenas tincidunt lacus at velit,,
21,1,tincidunt eget tempus,5/5/2016,18:56
22,2,nisl aenean lectus pellentesque eget,8/5/2016,23:08
23,3,arcu,,
24,4,tortor sollicitudin mi,,
25,5,lectus aliquam,,
26,6,gravida sem praesent,,
27,7,in hac habitasse platea,6/4/2016,5:01
28,8,erat volutpat in congue,12/16/2016,7:23
29,9,posuere metus vitae ipsum aliquam,,
30,10,dictumst maecenas ut massa quis,,
31,1,leo rhoncus sed,3/25/2016,6:24
32,2,leo odio condimentum id,4/24/2016,9:22
33,3,non ligula pellentesque,,
34,4,pede justo,,
35,5,in felis eu sapien cursus,,
36,6,praesent lectus,12/8/2016,9:21
37,7,integer aliquet massa id lobortis,,
38,8,vestibulum ac,9/27/2016,5:41
39,9,integer ac neque duis,,
40,10,suscipit nulla,,
41,1,elementum,2/3/2017,8:23
42,2,tempus vivamus in felis,,
43,3,magnis dis parturient montes,12/10/2016,10:22
44,4,neque vestibulum eget vulputate ut,5/21/2016,5:59
45,5,elementum ligula vehicula consequat morbi,,
46,6,proin interdum,10/12/2016,6:22
47,7,nisi nam ultrices libero non,,
48,8,ornare consequat lectus in,,
49,9,cursus id turpis integer,,
50,10,condimentum id,,
51,1,eget,,
52,2,ornare,,
53,3,ac est lacinia nisi venenatis,2/10/2017,12:33
54,4,justo,,
55,5,amet eleifend,,
56,6,dui nec,3/25/2016,20:54
57,7,justo maecenas rhoncus aliquam lacus,,
58,8,consectetuer adipiscing,4/26/2016,9:31
59,9,suspendisse potenti cras,5/27/2016,16:12
60,10,donec odio justo sollicitudin,,
61,1,volutpat dui maecenas tristique,,
62,2,duis,8/15/2016,21:35
63,3,volutpat eleifend donec,,
64,4,eu mi nulla ac,5/1/2016,14:21
65,5,felis sed,4/21/2016,12:08
66,6,morbi quis tortor,,
67,7,mattis nibh,,
68,8,natoque penatibus,,
69,9,augue vel accumsan,,
70,10,amet diam in magna bibendum,,
71,1,id turpis,,
72,2,donec pharetra,,
73,3,nunc viverra dapibus nulla,,
74,4,metus vitae ipsum,8/22/2016,12:17
75,5,eu orci mauris lacinia sapien,,
76,6,donec vitae nisi nam ultrices,8/1/2016,8:21
77,7,amet nulla quisque,,
78,8,suscipit a,8/4/2016,21:53
79,9,eget eleifend luctus,3/31/2016,15:21
80,10,diam,,
81,1,vel enim sit amet,,
82,2,est lacinia nisi venenatis,,
83,3,massa tempor,,
84,4,donec ut mauris eget massa,9/14/2016,10:31
85,5,nonummy,5/3/2016,3:24
86,6,integer,,
87,7,interdum in ante,12/11/2016,18:21
88,8,in congue etiam,10/23/2016,5:31
89,9,ac,,
90,10,justo sollicitudin ut,,
91,1,lacinia,9/7/2016,23:05
92,2,ultrices erat,7/7/2016,17:17
93,3,enim leo rhoncus sed vestibulum,,
94,4,faucibus orci luctus,2/20/2017,18:56
95,5,cursus vestibulum proin eu,6/26/2016,3:59
96,6,bibendum morbi non quam nec,,
97,7,dui vel nisl duis,,
98,8,malesuada in,,
99,9,in magna bibendum imperdiet nullam,,
100,10,morbi vel lectus in quam,11/17/2016,4:44
101,1,pulvinar,,
102,2,potenti in eleifend quam a,2/19/2017,5:13
103,3,curabitur convallis duis consequat dui,,
104,4,quisque arcu libero,,
105,5,aliquam quis turpis eget,12/27/2016,17:06
106,6,urna pretium nisl,,
107,7,posuere cubilia,12/16/2016,13:13
108,8,nulla,,
109,9,purus phasellus in felis,,
110,10,posuere metus vitae,7/28/2016,13:48
111,1,ante,,
112,2,ornare consequat,2/21/2017,1:29
113,3,aliquam augue quam,9/9/2016,0:56
114,4,eros,,
115,5,suspendisse potenti in eleifend,,
116,6,dapibus dolor vel est donec,,
117,7,vel lectus in quam,,
118,8,eros suspendisse accumsan tortor quis,,
119,9,neque,,
120,10,posuere,6/8/2016,4:18
121,1,nisl duis,7/6/2016,15:29
122,2,vestibulum velit id pretium iaculis,,
123,3,viverra,4/7/2016,9:10
124,4,ante,8/3/2016,17:53
125,5,et ultrices posuere cubilia curae,10/11/2016,16:43
126,6,tempus vel pede,,
127,7,congue vivamus,12/22/2016,12:39
128,8,pede libero quis,,
129,9,at nibh in hac,,
130,10,lacus,,
131,1,sem praesent,,
132,2,eget congue eget semper,,
133,3,tristique,9/17/2016,15:28
134,4,porttitor id consequat,8/8/2016,11:15
135,5,id turpis integer,,
136,6,dignissim,,
137,7,ligula nec sem duis,,
138,8,vestibulum ante ipsum,,
139,9,vitae nisi nam ultrices,,
140,10,sapien placerat ante nulla,,
141,1,praesent,12/11/2016,20:00
142,2,cras,,
143,3,vitae,,
144,4,lectus in est risus,,
145,5,leo,8/11/2016,13:49
146,6,nisi nam,1/7/2017,18:08
147,7,nam nulla integer pede justo,,
148,8,quam sollicitudin vitae consectetuer eget,,
149,9,felis sed interdum,,
150,10,nulla tellus in sagittis dui,,
151,1,in porttitor pede justo eu,8/27/2016,22:13
152,2,turpis enim blandit mi in,,
153,3,praesent,,
154,4,non pretium quis lectus,1/29/2017,12:32
155,5,amet justo morbi ut,,
156,6,augue luctus,,
157,7,molestie lorem quisque ut,,
158,8,in imperdiet et commodo,,
159,9,non interdum,4/21/2016,10:39
160,10,elementum pellentesque quisque porta,,
161,1,proin risus praesent lectus vestibulum,,
162,2,donec ut,,
163,3,natoque penatibus et magnis,,
164,4,leo pellentesque,,
165,5,vehicula consequat morbi,,
166,6,congue risus semper,2/25/2017,21:01
167,7,nec condimentum neque sapien placerat,,
168,8,at,3/2/2017,2:49
169,9,morbi sem mauris,,
170,10,interdum venenatis turpis enim blandit,,
171,1,purus eu magna vulputate,12/20/2016,1:52
172,2,eget,11/25/2016,22:15
173,3,erat fermentum,9/18/2016,11:56
174,4,morbi vel lectus in,6/8/2016,14:36
175,5,nulla elit ac nulla,,
176,6,id consequat in,,
177,7,elementum ligula,10/19/2016,4:07
178,8,mauris,,
179,9,id nulla ultrices,,
180,10,rhoncus,,
181,1,elit proin risus praesent,,
182,2,ultrices,,
183,3,nulla sed,10/27/2016,4:39
184,4,nisi nam,3/28/2016,10:54
185,5,odio consequat varius,7/9/2016,17:29
186,6,congue risus semper porta volutpat,,
187,7,erat fermentum,,
188,8,sociis,5/30/2016,20:32
189,9,consectetuer adipiscing elit proin risus,,
190,10,nunc commodo placerat,,
191,1,bibendum morbi,11/17/2016,11:33
192,2,auctor gravida sem praesent id,,
193,3,suspendisse potenti cras in,,
194,4,orci,9/2/2016,21:52
195,5,imperdiet sapien,7/7/2016,6:47
196,6,potenti in eleifend,8/21/2016,11:19
197,7,nec nisi volutpat eleifend donec,,
198,8,luctus,11/16/2016,10:35
199,9,nec,9/17/2016,19:14
200,10,nunc,,
201,1,amet turpis elementum,12/6/2016,21:30
202,2,sit amet cursus id,12/13/2016,0:43
203,3,molestie,,
204,4,quam sapien,,
205,5,integer a nibh in,12/9/2016,13:51
206,6,suspendisse,5/11/2016,7:48
207,7,sapien ut,,
208,8,nulla,,
209,9,dictumst maecenas,,
210,10,quis turpis eget,,
211,1,turpis adipiscing lorem,5/23/2016,22:40
212,2,ullamcorper,,
213,3,lacus at turpis donec,,
214,4,ante ipsum primis,,
215,5,odio condimentum id,1/22/2017,5:07
216,6,pulvinar lobortis,,
217,7,elit proin,,
218,8,morbi non lectus aliquam sit,,
219,9,at lorem integer tincidunt ante,6/4/2016,14:07
220,10,arcu,,
221,1,pharetra magna vestibulum aliquet ultrices,6/20/2016,10:33
222,2,adipiscing,,
223,3,porttitor lorem,,
224,4,elit sodales scelerisque mauris sit,,
225,5,nisl duis,,
226,6,rutrum,,
227,7,semper est quam,,
228,8,amet sem,11/24/2016,21:42
229,9,vestibulum sed magna,,
230,10,odio justo sollicitudin ut,8/22/2016,5:06
231,1,integer aliquet massa,,
232,2,sapien urna pretium nisl,3/23/2016,13:51
233,3,adipiscing elit,,
234,4,suscipit,,
235,5,rhoncus aliquet pulvinar sed,,
236,6,mauris lacinia sapien quis,8/30/2016,23:20
237,7,ut massa,2/26/2017,5:45
238,8,pellentesque ultrices phasellus id,12/2/2016,1:18
239,9,in imperdiet et commodo vulputate,9/12/2016,7:51
240,10,sapien urna pretium nisl ut,,
241,1,consequat,8/21/2016,0:48
242,2,vestibulum ante ipsum primis,,
243,3,magna at,,
244,4,non mauris,5/20/2016,14:30
245,5,fermentum donec,2/21/2017,12:59
246,6,vitae nisl aenean lectus pellentesque,12/13/2016,11:33
247,7,condimentum id luctus nec,,
248,8,libero ut massa,5/21/2016,18:01
249,9,laoreet ut rhoncus,,
250,10,metus sapien ut,,
251,1,ultrices aliquet maecenas,12/16/2016,17:06
252,2,quisque porta volutpat erat quisque,,
253,3,dolor morbi vel,12/10/2016,19:17
254,4,sem,3/16/2016,13:09
255,5,velit id pretium iaculis diam,,
256,6,fusce,,
257,7,integer ac neque duis,7/17/2016,4:37
258,8,sed,10/6/2016,5:27
259,9,eget tempus,,
260,10,praesent,,
261,1,platea dictumst aliquam augue quam,10/6/2016,17:01
262,2,potenti nullam porttitor lacus at,1/6/2017,0:57
263,3,velit id pretium iaculis diam,2/27/2017,11:49
264,4,cursus urna ut tellus,,
265,5,a,12/10/2016,1:18
266,6,vestibulum sit,,
267,7,rhoncus,12/20/2016,22:14
268,8,odio consequat varius integer ac,6/12/2016,1:44
269,9,ante,,
270,10,rhoncus mauris,1/23/2017,4:58
271,1,augue,,
272,2,in eleifend quam a,,
273,3,aliquet ultrices erat tortor,5/27/2016,13:03
274,4,elementum ligula vehicula,,
275,5,blandit ultrices enim,,
276,6,sapien varius ut blandit,4/18/2016,1:29
277,7,augue a suscipit nulla elit,,
278,8,venenatis turpis,,
279,9,accumsan tellus nisi,6/6/2016,11:33
280,10,amet,8/14/2016,22:21
281,1,congue risus semper porta volutpat,,
282,2,nulla eget,,
283,3,et eros vestibulum ac est,,
284,4,arcu,10/12/2016,23:03
285,5,curae,,
286,6,amet sem,,
287,7,pulvinar nulla pede ullamcorper augue,,
288,8,eros viverra eget congue,,
289,9,donec quis orci eget orci,,
290,10,tincidunt eget tempus,6/24/2016,10:31
291,1,mi in porttitor pede,10/5/2016,15:30
292,2,nullam varius,,
293,3,orci nullam molestie nibh in,7/12/2016,2:43
294,4,tempus,,
295,5,tempus,,
296,6,nulla ac enim in tempor,5/26/2016,5:38
297,7,ipsum,,
298,8,eget,,
299,9,justo sit amet sapien,,
300,10,aliquam sit amet diam in,,
301,1,nisi volutpat eleifend donec,,
302,2,lobortis convallis tortor risus dapibus,,
303,3,nam nulla,6/7/2016,6:40
304,4,congue elementum,,
305,5,velit donec diam,8/17/2016,11:49
306,6,et,,
307,7,amet,,
308,8,accumsan,,
309,9,purus eu magna vulputate,5/5/2016,20:50
310,10,tempus semper est quam pharetra,8/4/2016,3:12
311,1,convallis morbi odio odio elementum,,
312,2,rhoncus aliquet pulvinar sed,12/26/2016,18:58
313,3,ultrices,4/8/2016,0:22
314,4,amet justo,11/23/2016,9:51
315,5,vestibulum ac est lacinia,6/26/2016,0:37
316,6,lorem,,
317,7,amet justo morbi ut odio,,
318,8,nibh fusce lacus purus,2/22/2017,0:16
319,9,ante ipsum,,
320,10,hendrerit at vulputate vitae nisl,10/11/2016,8:07
321,1,vulputate,3/24/2016,10:10
322,2,tortor sollicitudin,4/20/2016,6:48
323,3,neque,,
324,4,sapien a,11/4/2016,16:11
325,5,pellentesque at nulla,7/29/2016,5:40
326,6,sagittis,4/22/2016,22:38
327,7,tellus nisi eu,11/23/2016,0:15
328,8,luctus et ultrices posuere cubilia,,
329,9,congue risus semper porta volutpat,,
330,10,in hac habitasse platea,8/3/2016,5:08
331,1,sit amet,8/26/2016,22:25
332,2,vestibulum vestibulum ante ipsum,1/1/2017,20:50
333,3,vitae nisl aenean,,
334,4,sapien sapien non,,
335,5,vestibulum ante,,
336,6,lectus vestibulum,8/6/2016,16:05
337,7,ipsum praesent blandit lacinia erat,11/7/2016,8:20
338,8,mi integer ac neque duis,,
339,9,erat fermentum justo,,
340,10,libero nullam sit,9/26/2016,15:39
341,1,tellus in,,
342,2,tempus vel pede morbi porttitor,4/8/2016,9:24
343,3,aliquet,2/21/2017,19:41
344,4,amet cursus id,9/3/2016,0:49
345,5,leo maecenas pulvinar,,
346,6,sagittis,,
347,7,at turpis,,
348,8,molestie,3/6/2017,20:55
349,9,placerat praesent,,
350,10,sit amet turpis elementum ligula,,
351,1,nisi at nibh,,
352,2,sed,8/12/2016,8:18
353,3,amet,,
354,4,lorem ipsum dolor sit amet,2/2/2017,5:38
355,5,lacus,,
356,6,nulla dapibus dolor vel est,,
357,7,nisi at nibh in,9/17/2016,11:16
358,8,massa quis augue,,
359,9,purus phasellus,,
360,10,gravida sem praesent id massa,7/26/2016,23:48
361,1,nulla neque,,
362,2,justo nec condimentum,,
363,3,a,,
364,4,enim leo rhoncus,,
365,5,ornare,,
366,6,vestibulum rutrum rutrum neque,9/5/2016,9:37
367,7,velit,4/18/2016,15:00
368,8,ornare imperdiet sapien urna,1/1/2017,23:39
369,9,a nibh,11/29/2016,13:44
370,10,ut suscipit a feugiat et,,
371,1,quam nec dui luctus rutrum,,
372,2,vulputate elementum nullam,12/30/2016,12:22
373,3,enim blandit,7/3/2016,1:54
374,4,aliquet,11/24/2016,6:39
375,5,lectus suspendisse potenti in,,
376,6,curae,,
377,7,dignissim vestibulum vestibulum,,
378,8,nullam porttitor lacus,,
379,9,ipsum primis,,
380,10,dolor morbi,,
381,1,interdum in,,
382,2,turpis a,5/30/2016,8:34
383,3,mollis,3/14/2016,20:21
384,4,lacinia aenean sit amet justo,,
385,5,enim blandit mi in porttitor,11/14/2016,10:08
386,6,est quam pharetra magna,,
387,7,imperdiet et,10/15/2016,0:07
388,8,a,,
389,9,tortor eu pede,,
390,10,montes nascetur ridiculus,,
391,1,pellentesque ultrices mattis,7/11/2016,1:14
392,2,rutrum,,
393,3,ac,,
394,4,magna vestibulum aliquet ultrices,10/15/2016,1:18
395,5,bibendum morbi,,
396,6,nulla elit ac nulla,9/14/2016,1:39
397,7,consequat metus,,
398,8,primis in faucibus,,
399,9,scelerisque quam,1/4/2017,10:11
400,10,montes nascetur ridiculus mus,8/30/2016,5:17
401,1,fringilla rhoncus mauris enim leo,,
402,2,nonummy maecenas tincidunt lacus,,
403,3,tortor risus dapibus augue vel,,
404,4,nisi eu orci mauris lacinia,8/3/2016,23:58
405,5,nulla facilisi cras non velit,3/10/2016,14:32
406,6,non interdum in ante vestibulum,9/23/2016,13:32
407,7,dolor morbi,9/26/2016,22:47
408,8,et ultrices posuere cubilia,,
409,9,nullam porttitor,12/24/2016,5:15
410,10,sodales scelerisque mauris,1/11/2017,11:39
411,1,volutpat eleifend donec ut dolor,,
412,2,interdum,,
413,3,eu nibh quisque,7/16/2016,19:03
414,4,tincidunt,,
415,5,duis aliquam,,
416,6,mattis egestas metus aenean,1/21/2017,20:10
417,7,turpis,,
418,8,volutpat quam,11/13/2016,5:19
419,9,maecenas,12/15/2016,18:45
420,10,vestibulum rutrum,12/23/2016,2:35
421,1,ac leo pellentesque ultrices mattis,2/21/2017,14:47
422,2,sed tristique in tempus sit,,
423,3,nulla tellus in sagittis,1/2/2017,12:36
424,4,arcu libero,,
425,5,erat id mauris,10/27/2016,12:14
426,6,elementum,3/8/2016,1:59
427,7,ut erat curabitur gravida nisi,6/24/2016,15:01
428,8,volutpat in,,
429,9,sapien non mi integer,,
430,10,posuere cubilia curae,,
431,1,quis,,
432,2,nec condimentum neque,,
433,3,venenatis turpis enim blandit mi,5/11/2016,14:42
434,4,luctus et,6/28/2016,17:42
435,5,tempus semper est quam,,
436,6,vivamus metus arcu adipiscing,2/9/2017,12:20
437,7,sed,,
438,8,at,,
439,9,mus vivamus vestibulum,,
440,10,nisl duis ac,,
441,1,ut blandit,10/17/2016,3:57
442,2,diam neque vestibulum,2/26/2017,12:58
443,3,ultrices libero non mattis,1/11/2017,6:13
444,4,ut massa quis augue luctus,,
445,5,volutpat dui maecenas tristique,5/6/2016,21:00
446,6,felis fusce posuere felis,4/23/2016,20:22
447,7,nulla,4/23/2016,2:39
448,8,nulla suscipit ligula,,
449,9,blandit ultrices,6/4/2016,22:49
450,10,felis eu sapien cursus vestibulum,8/19/2016,21:16
451,1,pede,,
452,2,dui nec nisi volutpat eleifend,7/17/2016,17:23
453,3,est,,
454,4,diam,7/16/2016,21:42
455,5,purus sit amet,5/28/2016,18:51
456,6,curabitur convallis duis consequat dui,,
457,7,praesent id,10/5/2016,6:17
458,8,nulla justo aliquam quis turpis,,
459,9,morbi vel lectus,6/30/2016,15:27
460,10,dis parturient montes nascetur,2/22/2017,9:13
461,1,suspendisse potenti cras in,,
462,2,tincidunt in leo,,
463,3,aliquet massa,10/17/2016,10:11
464,4,odio consequat varius integer,6/29/2016,13:54
465,5,tempus vivamus,,
466,6,lobortis,,
467,7,aliquam,8/13/2016,13:55
468,8,suscipit nulla elit ac,6/19/2016,5:47
469,9,nibh fusce,,
470,10,in est risus auctor sed,11/20/2016,1:02
471,1,ultrices erat tortor,,
472,2,sed justo pellentesque viverra,,
473,3,a odio in hac habitasse,,
474,4,varius integer,5/9/2016,0:57
475,5,nonummy integer non velit donec,,
476,6,quam pede,,
477,7,vestibulum quam sapien varius,2/23/2017,8:26
478,8,pellentesque eget,,
479,9,nunc purus phasellus in,,
480,10,massa quis,5/16/2016,17:13
481,1,tortor eu,,
482,2,est,10/25/2016,15:02
483,3,semper,,
484,4,augue a suscipit nulla elit,,
485,5,molestie,,
486,6,consequat,2/13/2017,23:53
487,7,leo maecenas pulvinar lobortis est,10/10/2016,16:28
488,8,eleifend luctus ultricies,,
489,9,morbi non lectus aliquam sit,,
490,10,pede justo,6/30/2016,7:45
491,1,non,,
492,2,erat nulla,11/14/2016,18:04
493,3,bibendum felis sed interdum venenatis,,
494,4,lectus in quam fringilla rhoncus,4/30/2016,23:48
495,5,posuere cubilia curae,3/1/2017,12:59
496,6,proin at turpis a pede,,
497,7,habitasse platea dictumst,,
498,8,leo odio condimentum id luctus,,
499,9,vulputate vitae nisl aenean lectus,8/8/2016,11:31
500,10,at ipsum,,
501,1,odio cras mi pede malesuada,,
502,2,quisque id,,
503,3,cubilia curae donec pharetra magna,,
504,4,odio,3/8/2016,16:21
505,5,quam turpis,,
506,6,convallis morbi odio odio,6/5/2016,14:02
507,7,quam suspendisse potenti,12/2/2016,6:09
508,8,convallis nunc,,
509,9,donec diam neque vestibulum,5/15/2016,10:52
510,10,suscipit nulla elit ac,,
511,1,tincidunt,,
512,2,vestibulum ante ipsum primis,,
513,3,congue,,
514,4,ut odio cras mi pede,,
515,5,nec sem duis,10/27/2016,3:53
516,6,a,7/17/2016,4:40
517,7,interdum,,
518,8,faucibus orci luctus et ultrices,,
519,9,tristique fusce,,
520,10,sed augue aliquam,,
521,1,nunc nisl duis bibendum felis,,
522,2,sit,,
523,3,metus arcu,,
524,4,porta volutpat erat quisque erat,12/16/2016,19:06
525,5,quam pharetra magna,7/13/2016,18:21
526,6,quisque,6/16/2016,10:44
527,7,a suscipit nulla elit,,
528,8,in consequat ut nulla,,
529,9,sapien,,
530,10,montes,,
531,1,curabitur in libero ut massa,2/25/2017,5:16
532,2,consectetuer adipiscing,9/14/2016,13:13
533,3,sit amet consectetuer adipiscing elit,,
534,4,montes nascetur ridiculus,,
535,5,ultrices posuere cubilia,,
536,6,nulla nunc,1/6/2017,12:57
537,7,sagittis nam congue risus semper,3/18/2016,22:36
538,8,aliquam convallis nunc proin,,
539,9,mollis molestie,,
540,10,venenatis tristique fusce,8/6/2016,5:36
541,1,lectus aliquam sit,,
542,2,posuere cubilia,3/23/2016,11:39
543,3,elit proin risus praesent,,
544,4,faucibus orci luctus,,
545,5,cursus,6/28/2016,19:04
546,6,platea dictumst,,
547,7,ornare consequat,7/15/2016,10:25
548,8,sit,,
549,9,scelerisque quam turpis adipiscing lorem,,
550,10,habitasse,,
551,1,convallis,,
552,2,libero nullam sit amet turpis,10/15/2016,18:42
553,3,blandit,4/2/2016,0:26
554,4,magna bibendum imperdiet,,
555,5,volutpat quam,,
556,6,sit amet,,
557,7,in faucibus orci,5/28/2016,22:52
558,8,vehicula consequat morbi,4/20/2016,12:18
559,9,urna pretium nisl ut volutpat,,
560,10,libero convallis eget,,
561,1,venenatis tristique fusce,6/23/2016,13:52
562,2,duis bibendum felis,10/7/2016,4:09
563,3,quis turpis eget elit sodales,,
564,4,sapien varius ut,,
565,5,amet,,
566,6,ipsum,12/4/2016,10:16
567,7,nulla pede ullamcorper augue,,
568,8,nunc donec quis orci eget,,
569,9,elit proin interdum mauris,,
570,10,nisl,,
571,1,hendrerit at,,
572,2,sed,,
573,3,morbi vestibulum velit id pretium,,
574,4,amet eleifend,11/27/2016,3:32
575,5,mollis molestie lorem quisque ut,,
576,6,vitae consectetuer eget rutrum,,
577,7,ornare consequat lectus in est,,
578,8,ut volutpat sapien,,
579,9,habitasse platea dictumst maecenas ut,,
580,10,nulla nisl,,
581,1,neque sapien placerat ante nulla,,
582,2,sit amet nulla quisque,10/25/2016,2:38
583,3,quis,1/2/2017,11:19
584,4,at velit vivamus vel,,
585,5,integer,5/3/2016,9:58
586,6,cum sociis,5/3/2016,1:42
587,7,in,,
588,8,mauris ullamcorper purus,9/9/2016,10:20
589,9,nisl nunc,2/9/2017,11:42
590,10,viverra diam vitae,6/12/2016,3:28
591,1,mus etiam vel augue,2/5/2017,15:06
592,2,natoque penatibus et magnis,,
593,3,justo eu massa donec,,
594,4,quis libero nullam,8/31/2016,13:24
595,5,interdum mauris ullamcorper purus sit,,
596,6,vestibulum ante ipsum,,
597,7,vestibulum eget vulputate ut,,
598,8,convallis morbi odio odio,,
599,9,dui luctus,6/15/2016,23:13
600,10,elit proin risus,8/13/2016,13:44
601,1,quisque ut erat curabitur gravida,,
602,2,aliquet pulvinar sed nisl nunc,,
603,3,rutrum rutrum,,
604,4,a ipsum,3/30/2016,20:36
605,5,orci nullam,,
606,6,et,6/8/2016,5:38
607,7,suspendisse accumsan tortor quis,2/14/2017,1:56
608,8,ipsum,9/19/2016,3:34
609,9,nullam,5/3/2016,8:04
610,10,vestibulum ante,,
611,1,nisl duis bibendum felis sed,11/6/2016,15:23
612,2,sodales,,
613,3,eget tempus vel pede morbi,,
614,4,vestibulum ante ipsum primis in,,
615,5,ut odio cras,11/18/2016,12:04
616,6,integer,,
617,7,ante nulla justo,1/31/2017,2:41
618,8,quis orci,,
619,9,dictumst maecenas ut massa,3/22/2016,15:53
620,10,sed sagittis nam,,
621,1,dapibus augue vel,,
622,2,vestibulum ante ipsum primis,,
623,3,viverra pede ac diam cras,,
624,4,venenatis non sodales sed tincidunt,6/16/2016,23:33
625,5,ultricies eu,3/10/2016,17:16
626,6,bibendum morbi,,
627,7,nisl aenean lectus,11/9/2016,14:45
628,8,sapien urna,,
629,9,amet sapien dignissim,8/5/2016,2:30
630,10,venenatis lacinia aenean sit amet,,
631,1,nisi,,
632,2,erat quisque erat eros viverra,5/3/2016,13:24
633,3,leo odio condimentum id luctus,,
634,4,a suscipit nulla elit ac,,
635,5,eget eleifend luctus ultricies eu,7/23/2016,5:29
636,6,nascetur ridiculus mus vivamus vestibulum,4/17/2016,5:35
637,7,eu,,
638,8,pede posuere,9/20/2016,13:39
639,9,tincidunt eu felis,,
640,10,convallis nunc proin,,
641,1,cum,,
642,2,duis consequat,4/16/2016,17:43
643,3,euismod scelerisque quam turpis,,
644,4,leo maecenas pulvinar lobortis,,
645,5,in hac,9/13/2016,13:24
646,6,pharetra magna vestibulum aliquet ultrices,,
647,7,lorem quisque,,
648,8,libero non mattis pulvinar,2/5/2017,3:49
649,9,purus aliquet at feugiat,2/1/2017,18:40
650,10,ornare imperdiet sapien urna,,
651,1,platea,3/23/2016,10:05
652,2,tincidunt,,
653,3,velit vivamus,1/21/2017,14:40
654,4,odio donec,7/11/2016,18:44
655,5,interdum eu tincidunt in leo,,
656,6,ac,,
657,7,interdum,,
658,8,pede malesuada in,,
659,9,ut tellus nulla,10/3/2016,10:03
660,10,diam cras pellentesque volutpat,11/22/2016,21:14
661,1,nibh fusce,,
662,2,curae mauris viverra diam vitae,,
663,3,sit amet,,
664,4,dui vel,,
665,5,porttitor id consequat in,,
666,6,in sapien iaculis congue vivamus,,
667,7,vivamus in,,
668,8,vel est donec odio justo,11/16/2016,14:03
669,9,nam tristique tortor eu pede,,
670,10,lectus pellentesque eget,,
671,1,felis,,
672,2,bibendum felis,,
673,3,risus dapibus,,
674,4,odio cras mi pede malesuada,,
675,5,venenatis non,3/27/2016,6:08
676,6,lectus pellentesque at,,
677,7,dui maecenas tristique est,,
678,8,convallis,1/31/2017,1:59
679,9,neque duis,,
680,10,a feugiat et,5/7/2016,13:42
681,1,nunc,,
682,2,vestibulum,,
683,3,morbi ut odio,,
684,4,consequat varius integer,,
685,5,est quam,10/13/2016,11:23
686,6,habitasse platea dictumst,,
687,7,integer tincidunt ante vel ipsum,7/11/2016,21:12
688,8,nisl venenatis lacinia aenean sit,,
689,9,ut ultrices vel,,
690,10,nullam orci,,
691,1,odio donec vitae nisi nam,2/3/2017,11:30
692,2,rhoncus mauris enim leo,11/3/2016,2:05
693,3,cubilia curae donec,,
694,4,platea dictumst morbi,11/10/2016,15:22
695,5,dolor,,
696,6,justo pellentesque viverra pede,,
697,7,aliquam erat volutpat,,
698,8,sapien cum sociis,7/22/2016,17:12
699,9,sapien dignissim vestibulum vestibulum,3/16/2016,8:03
700,10,dictumst,,
701,1,porttitor,,
702,2,mollis molestie lorem quisque,,
703,3,quam,9/12/2016,10:50
704,4,donec ut,,
705,5,mattis nibh,2/17/2017,11:23
706,6,nulla,2/8/2017,21:10
707,7,vulputate ut ultrices,,
708,8,sapien placerat ante nulla justo,,
709,9,eget,,
710,10,porta volutpat erat quisque erat,,
711,1,in faucibus,12/2/2016,22:40
712,2,diam,,
713,3,eu magna vulputate luctus cum,,
714,4,turpis,,
715,5,nulla neque libero convallis eget,8/25/2016,1:18
716,6,pretium quis lectus,,
717,7,viverra diam vitae quam,6/9/2016,15:24
718,8,ultrices libero non mattis,3/19/2016,21:24
719,9,neque aenean auctor,,
720,10,pellentesque quisque porta,11/16/2016,1:38
721,1,id consequat in consequat ut,,
722,2,dignissim vestibulum vestibulum ante ipsum,,
723,3,amet eleifend pede,3/9/2016,17:14
724,4,metus sapien ut nunc vestibulum,,
725,5,ut,8/25/2016,11:05
726,6,aliquet massa,,
727,7,libero rutrum,,
728,8,odio odio,,
729,9,etiam faucibus cursus urna,7/9/2016,22:54
730,10,euismod scelerisque quam turpis,11/15/2016,9:10
731,1,sed tristique,9/26/2016,21:51
732,2,scelerisque,11/12/2016,4:00
733,3,consectetuer eget rutrum at,,
734,4,nulla tempus vivamus,,
735,5,aliquet massa id lobortis convallis,9/12/2016,10:13
736,6,leo pellentesque ultrices,,
737,7,nisi,,
738,8,a,,
739,9,dis parturient,2/19/2017,7:19
740,10,quis orci,3/10/2016,13:13
741,1,vel pede morbi,,
742,2,vel dapibus at diam nam,,
743,3,nulla tempus,,
744,4,ante,,
745,5,pulvinar lobortis est,,
746,6,orci luctus et ultrices,,
747,7,mi sit amet lobortis sapien,,
748,8,cursus,,
749,9,a pede posuere,,
750,10,nunc commodo placerat praesent blandit,,
751,1,ultrices posuere cubilia,,
752,2,consectetuer adipiscing elit proin,7/21/2016,17:51
753,3,magna,10/23/2016,10:39
754,4,porttitor,,
755,5,in tempor turpis nec euismod,,
756,6,pede ac diam,,
757,7,quam sapien varius,9/11/2016,3:48
758,8,semper est,10/3/2016,10:58
759,9,vel sem,,
760,10,viverra diam,,
761,1,vivamus vel,6/12/2016,10:58
762,2,tincidunt in leo maecenas,9/8/2016,18:25
763,3,habitasse platea,,
764,4,ac,,
765,5,ut nulla,,
766,6,nascetur ridiculus,5/8/2016,16:03
767,7,sit amet,9/27/2016,2:05
768,8,in lacus curabitur,,
769,9,ante ipsum primis,,
770,10,dapibus nulla suscipit ligula in,,
771,1,ultrices phasellus,1/6/2017,6:09
772,2,praesent lectus vestibulum quam sapien,,
773,3,viverra,8/19/2016,5:38
774,4,consequat varius integer ac,,
775,5,et magnis dis parturient,,
776,6,suspendisse potenti cras in,,
777,7,at lorem,,
778,8,est phasellus sit,,
779,9,adipiscing lorem vitae,,
780,10,elementum eu interdum,6/3/2016,14:40
781,1,non,7/31/2016,6:48
782,2,consequat dui nec nisi volutpat,,
783,3,metus aenean fermentum,7/17/2016,3:16
784,4,cras,8/8/2016,11:01
785,5,posuere cubilia curae donec,6/30/2016,1:18
786,6,leo maecenas pulvinar,8/8/2016,10:10
787,7,fusce consequat nulla nisl nunc,,
788,8,maecenas rhoncus aliquam lacus morbi,12/27/2016,19:15
789,9,pede posuere nonummy integer non,,
790,10,vestibulum velit id pretium,,
791,1,felis fusce posuere,,
792,2,auctor sed,8/28/2016,21:52
793,3,ipsum,,
794,4,sit amet sapien,2/1/2017,12:46
795,5,sed tincidunt,8/25/2016,11:22
796,6,integer tincidunt,8/28/2016,14:35
797,7,cum sociis natoque penatibus,,
798,8,urna pretium nisl ut,11/30/2016,20:49
799,9,morbi vel lectus,,
800,10,pede,,
801,1,erat,5/8/2016,2:48
802,2,eget eleifend luctus,,
803,3,iaculis,,
804,4,mattis nibh ligula nec,,
805,5,volutpat dui maecenas tristique,,
806,6,volutpat,,
807,7,a ipsum,,
808,8,ut mauris eget massa,,
809,9,proin interdum mauris,,
810,10,semper sapien a libero,,
811,1,integer pede justo lacinia,10/18/2016,8:24
812,2,ut,1/5/2017,1:55
813,3,etiam justo etiam,12/24/2016,10:58
814,4,porttitor id consequat,,
815,5,in lectus pellentesque,10/26/2016,8:12
816,6,pretium quis,5/18/2016,7:14
817,7,in,3/5/2017,11:11
818,8,velit donec,,
819,9,at,,
820,10,at,,
821,1,sapien,4/26/2016,11:48
822,2,eget massa,,
823,3,vel nulla eget,3/26/2016,11:32
824,4,tristique,,
825,5,sollicitudin ut suscipit a feugiat,3/19/2016,0:35
826,6,nulla pede ullamcorper augue a,,
827,7,donec pharetra magna,,
828,8,tellus nisi eu,,
829,9,quisque erat eros viverra eget,8/29/2016,20:49
830,10,at velit eu,3/17/2016,17:29
831,1,orci mauris lacinia sapien,,
832,2,sapien in sapien iaculis,,
833,3,diam,5/24/2016,8:14
834,4,odio,,
835,5,sapien,,
836,6,pretium,,
837,7,tellus in,12/31/2016,1:06
838,8,venenatis lacinia aenean,12/16/2016,13:15
839,9,feugiat non pretium,,
840,10,in porttitor pede,1/22/2017,3:16
841,1,dictumst morbi,3/27/2016,15:03
842,2,leo,,
843,3,ligula vehicula consequat morbi a,,
844,4,sed vel,,
845,5,eget tincidunt,2/10/2017,10:27
846,6,congue etiam justo etiam,4/7/2016,11:55
847,7,dolor sit,,
848,8,a feugiat et,5/19/2016,21:00
849,9,lacinia erat,,
850,10,id luctus nec molestie sed,,
851,1,volutpat eleifend donec ut dolor,,
852,2,posuere cubilia curae,,
853,3,ligula in,4/30/2016,20:36
854,4,nisi,10/18/2016,15:09
855,5,vivamus tortor duis mattis egestas,,
856,6,justo maecenas rhoncus aliquam lacus,,
857,7,phasellus,,
858,8,lacus at velit vivamus,,
859,9,lobortis vel dapibus,,
860,10,amet eros suspendisse,10/1/2016,12:50
861,1,consequat,6/24/2016,2:15
862,2,porttitor lacus at turpis donec,12/21/2016,2:59
863,3,at turpis a pede,,
864,4,dapibus duis at velit,,
865,5,libero nullam sit,,
866,6,lorem integer tincidunt ante,5/28/2016,3:06
867,7,vel dapibus at diam nam,7/3/2016,10:28
868,8,vehicula consequat morbi,,
869,9,eu,,
870,10,lobortis sapien,7/6/2016,18:12
871,1,amet eros suspendisse accumsan tortor,,
872,2,ipsum ac tellus semper interdum,7/5/2016,7:16
873,3,aenean,,
874,4,vehicula consequat morbi,12/13/2016,14:52
875,5,sodales sed,,
876,6,metus vitae,,
877,7,turpis eget elit sodales,,
878,8,vulputate,9/30/2016,0:01
879,9,ac est lacinia nisi venenatis,,
880,10,tellus nulla ut,,
881,1,consequat morbi a ipsum integer,7/12/2016,11:32
882,2,elit proin risus praesent lectus,,
883,3,consequat dui,,
884,4,venenatis non sodales sed,,
885,5,non interdum in ante vestibulum,,
886,6,quis lectus suspendisse,,
887,7,semper interdum mauris ullamcorper,4/1/2016,0:36
888,8,porttitor pede,,
889,9,lacinia erat,11/27/2016,1:30
890,10,ipsum,10/30/2016,17:11
891,1,pellentesque at,,
892,2,laoreet ut rhoncus,12/11/2016,19:07
893,3,nibh,,
894,4,eget semper rutrum nulla nunc,,
895,5,aenean lectus pellentesque eget,11/10/2016,19:27
896,6,massa volutpat convallis morbi,,
897,7,nullam,,
898,8,non interdum,,
899,9,sociis natoque penatibus et,,
900,10,mauris viverra diam vitae,10/16/2016,17:21
901,1,non mi integer ac,4/27/2016,15:13
902,2,nulla integer pede justo lacinia,,
903,3,molestie lorem,2/7/2017,1:36
904,4,iaculis congue vivamus,,
905,5,luctus nec,,
906,6,congue vivamus metus arcu adipiscing,,
907,7,pede ac diam cras,5/24/2016,5:35
908,8,quam,9/13/2016,14:34
909,9,mauris,,
910,10,luctus,12/22/2016,9:23
911,1,nibh quisque id,12/3/2016,1:45
912,2,lacus curabitur,10/25/2016,14:46
913,3,mauris vulputate,,
914,4,sit amet,1/5/2017,5:48
915,5,quam,5/17/2016,15:34
916,6,lorem ipsum,6/28/2016,20:26
917,7,dapibus,,
918,8,leo,2/14/2017,14:15
919,9,amet turpis elementum ligula vehicula,2/6/2017,22:03
920,10,luctus et,11/23/2016,5:39
921,1,nunc commodo placerat praesent,10/14/2016,8:39
922,2,at,,
923,3,facilisi cras,,
924,4,erat eros,2/7/2017,18:38
925,5,maecenas pulvinar lobortis est,,
926,6,convallis nunc proin at turpis,,
927,7,ultrices aliquet maecenas,,
928,8,sit amet turpis elementum ligula,,
929,9,ultrices phasellus id,,
930,10,elit proin,6/26/2016,13:19
931,1,ut erat id mauris vulputate,,
932,2,tempus,3/14/2016,4:01
933,3,posuere,,
934,4,ut,,
935,5,nulla,8/15/2016,12:19
936,6,lectus suspendisse potenti in,9/24/2016,15:56
937,7,ipsum primis in,,
938,8,blandit nam nulla integer,7/23/2016,1:51
939,9,vestibulum,,
940,10,tortor,,
941,1,quam,,
942,2,magnis dis parturient,,
943,3,nunc rhoncus dui,,
944,4,ultrices vel,,
945,5,adipiscing,,
946,6,ut rhoncus,12/28/2016,23:29
947,7,eu nibh quisque,,
948,8,enim,2/24/2017,6:46
949,9,ut,,
950,10,nisl nunc nisl duis,,
951,1,et ultrices posuere,,
952,2,duis ac nibh fusce lacus,,
953,3,metus sapien ut nunc vestibulum,,
954,4,rhoncus sed vestibulum sit amet,1/5/2017,14:59
955,5,ut erat curabitur gravida,12/6/2016,4:22
956,6,ac,,
957,7,donec dapibus duis at velit,,
958,8,amet nunc viverra dapibus nulla,9/2/2016,21:53
959,9,mauris,,
960,10,vitae,3/23/2016,22:25
961,1,semper rutrum,,
962,2,et ultrices posuere cubilia curae,1/14/2017,18:24
963,3,eget nunc,,
964,4,quis odio consequat varius integer,,
965,5,pellentesque ultrices mattis,,
966,6,quisque,,
967,7,convallis duis consequat,9/1/2016,22:56
968,8,non interdum in ante vestibulum,,
969,9,vulputate luctus,9/2/2016,7:36
970,10,dolor sit amet consectetuer,,
971,1,vel accumsan tellus,,
972,2,etiam justo etiam pretium iaculis,,
973,3,id,,
974,4,congue elementum,6/25/2016,10:04
975,5,volutpat in congue,,
976,6,lorem ipsum,2/21/2017,12:11
977,7,hendrerit at vulputate vitae,2/2/2017,12:49
978,8,potenti cras in,7/26/2016,8:00
979,9,posuere felis,,
980,10,donec ut mauris,,
981,1,magna vulputate luctus cum sociis,,
982,2,libero non,,
983,3,aenean lectus pellentesque eget nunc,,
984,4,interdum mauris non ligula,,
985,5,ultrices erat,,
986,6,aliquam non mauris morbi,,
987,7,scelerisque mauris,7/11/2016,6:04
988,8,turpis integer aliquet massa id,9/22/2016,12:20
989,9,felis sed interdum,10/24/2016,12:32
990,10,sit amet sem fusce consequat,,
991,1,malesuada in,,
992,2,eu pede,,
993,3,a suscipit nulla,,
994,4,mi pede,,
995,5,consectetuer adipiscing elit proin interdum,11/6/2016,17:20
996,6,lobortis vel dapibus,10/20/2016,17:00
997,7,a odio in hac,,
998,8,cras non velit,,
999,9,curae duis,,
1000,10,mauris viverra diam,,
